{
  "avg_reward": 1411.359559974187,
  "avg_throughput_last_step_bps": 34137462.1872859,
  "overall_avg_throughput_bps": 440946985.2086729,
  "overall_peak_throughput_bps": 240478619953.26767,
  "avg_handovers": 1.58,
  "rewards": [
    1262.7800813259337,
    1705.873953269472,
    1758.836778815562,
    1840.1486431726278,
    1608.9603094844445,
    1186.1593276808653,
    2067.114881811555,
    708.3025518340405,
    521.6493698817713,
    1057.3173185599785,
    1901.0590355802926,
    658.0982174054147,
    1912.3634840388208,
    1166.2681471880842,
    625.4338089927181,
    1576.837624037931,
    520.6545642849006,
    3791.199396554298,
    1114.288469388506,
    2094.641941164009,
    3926.7067450103173,
    132.87903888990186,
    1016.5784210727958,
    1145.9123650755148,
    709.3653570621746,
    1166.6822256190094,
    4087.6217659216886,
    187.19942245791373,
    1921.121128616271,
    1490.82697990189,
    397.1621341549654,
    1201.8658676004948,
    1837.6261222206554,
    459.6490787335559,
    1779.2570854953217,
    284.19166178513495,
    1440.7188213384675,
    3766.272001272111,
    1288.185029774957,
    938.9152694554448,
    657.6586744362846,
    607.6509793683881,
    901.4785198787515,
    1140.8947692323468,
    620.0200483763965,
    562.6799976695478,
    1813.995061122647,
    3400.0602635069513,
    1437.353567148748,
    1169.4616920394758
  ],
  "throughputs_last_step_bps": [
    1363752.8328217454,
    10910022.662573963,
    10910022.662573963,
    272750566.56434906,
    10910022.662573963,
    2740983.5307962275,
    272750566.56434906,
    2740983.5307962275,
    1363752.8328217454,
    1363752.8328217454,
    10910022.662573963,
    1363752.8328217454,
    204562924.92326185,
    2740983.5307962275,
    1363752.8328217454,
    10910022.662573963,
    1363752.8328217454,
    210647561.64670208,
    2740983.5307962275,
    272750566.56434906,
    27275056.65643491,
    1363752.8328217454,
    2740983.5307962275,
    2740983.5307962275,
    2740983.5307962275,
    2740983.5307962275,
    27275056.65643491,
    1363752.8328217454,
    204562924.92326185,
    10910022.662573963,
    1363752.8328217454,
    2740983.5307962275,
    1363752.8328217454,
    1363752.8328217454,
    2740983.5307962275,
    1363752.8328217454,
    10910022.662573963,
    27275056.65643491,
    1363752.8328217454,
    1363752.8328217454,
    2740983.5307962275,
    2740983.5307962275,
    1363752.8328217454,
    2740983.5307962275,
    1363752.8328217454,
    1363752.8328217454,
    10910022.662573963,
    27275056.65643491,
    10910022.662573963,
    2740983.5307962275
  ],
  "throughputs_avg_bps": [
    361204701.2265481,
    128340244.8146704,
    36939330.525437884,
    272750566.56435347,
    232062142.4445343,
    3691049428.9692435,
    977836977.7036402,
    279436223.390304,
    50901723.00238285,
    152144538.74524856,
    11125192.553974753,
    204037862.4630811,
    204562924.92325947,
    401866890.9416872,
    204072105.66700605,
    29934652.0826537,
    404510417.51817966,
    838704121.0918679,
    3566389051.571696,
    1378318533.5935233,
    44673622.84407216,
    12808029.18248051,
    851557551.6236017,
    272287428.34302217,
    272083876.2358694,
    2949138150.921596,
    31214787.062363647,
    13066383.979428874,
    204562924.92325947,
    28407518.081092462,
    85548561.01157984,
    284880446.17741686,
    272448690.24207145,
    39656164.55071021,
    761000726.2884161,
    126493045.84329751,
    67412082.6813384,
    26362857.53936928,
    169199310.1199509,
    204037862.4630811,
    272036255.498121,
    271987827.6292244,
    204037862.4630811,
    272282612.347653,
    204075636.74079207,
    204087048.6420209,
    17643931.094863266,
    47027444.55594243,
    14231518.450957894,
    396911473.1036798
  ],
  "throughputs_peak_bps": [
    6495031433.760364,
    6115241902.469381,
    1024620976.2303295,
    272750566.56434906,
    6229670158.7943945,
    163542448799.99344,
    34885596145.175476,
    977598978.4242089,
    204562924.92326185,
    1973577780.4471872,
    204562924.92326185,
    204562924.92326185,
    204562924.92326185,
    11782793193.342394,
    204562924.92326185,
    546020962.5392567,
    12229977740.833347,
    4330020955.840242,
    240478619953.26767,
    47599142823.50231,
    257199377.9718909,
    204562924.92326185,
    46563415443.2904,
    272750566.56434906,
    272750566.56434906,
    128381396543.80411,
    204562924.92326185,
    272750566.56434906,
    204562924.92326185,
    980114868.7563549,
    323273693.16739964,
    1833669765.9165428,
    272750566.56434906,
    272750566.56434906,
    46563415443.2904,
    346200384.1430026,
    4869321579.432433,
    204562924.92326185,
    2196040266.010176,
    204562924.92326185,
    272750566.56434906,
    272750566.56434906,
    204562924.92326185,
    272750566.56434906,
    204562924.92326185,
    204562924.92326185,
    204562924.92326185,
    272750566.56434906,
    204562924.92326185,
    9551428574.402058
  ],
  "handovers": [
    1,
    4,
    4,
    0,
    4,
    0,
    1,
    0,
    2,
    1,
    2,
    1,
    0,
    0,
    1,
    5,
    3,
    1,
    0,
    4,
    1,
    3,
    1,
    0,
    0,
    1,
    1,
    3,
    0,
    3,
    2,
    0,
    1,
    2,
    1,
    4,
    2,
    3,
    2,
    1,
    0,
    0,
    1,
    0,
    1,
    1,
    3,
    3,
    3,
    2
  ]
}