{
  "avg_reward": 15100.004886394408,
  "avg_throughput": 59679574458.39747,
  "avg_handovers": 0.0,
  "rewards": [
    19535.927561575005,
    10664.082211213812
  ],
  "throughputs": [
    115577947734.61061,
    3781201182.1843333
  ],
  "handovers": [
    0,
    0
  ]
}